<?xml version="1.0" encoding="UTF-8"?>
<project-private xmlns="http://www.netbeans.org/ns/project-private/1">
    <editor-bookmarks xmlns="http://www.netbeans.org/ns/editor-bookmarks/2" lastBookmarkId="0"/>
    <open-files xmlns="http://www.netbeans.org/ns/projectui-open-files/2">
        <group>
            <file>file:/C:/Users/User/Documents/CSC584/ShahAlamZoo/ShahAlamZoo/web/logout.jsp</file>
            <file>file:/C:/Users/User/Documents/CSC584/ShahAlamZoo/ShahAlamZoo/web/edit.jsp</file>
            <file>file:/C:/Users/User/Documents/CSC584/ShahAlamZoo/ShahAlamZoo/web/animalmanagement.jsp</file>
            <file>file:/C:/Users/User/Documents/CSC584/ShahAlamZoo/ShahAlamZoo/web/bird.jsp</file>
            <file>file:/C:/Users/User/Documents/CSC584/ShahAlamZoo/ShahAlamZoo/src/java/EditAnimalServlet.java</file>
            <file>file:/C:/Users/User/Documents/CSC584/ShahAlamZoo/ShahAlamZoo/web/homepage.jsp</file>
            <file>file:/C:/Users/User/Documents/CSC584/ShahAlamZoo/ShahAlamZoo/web/panda.jsp</file>
            <file>file:/C:/Users/User/Documents/CSC584/ShahAlamZoo/ShahAlamZoo/web/reptile.jsp</file>
            <file>file:/C:/Users/User/Documents/CSC584/ShahAlamZoo/ShahAlamZoo/web/amphibia.jsp</file>
            <file>file:/C:/Users/User/Documents/CSC584/ShahAlamZoo/ShahAlamZoo/web/turtle.jsp</file>
            <file>file:/C:/Users/User/Documents/CSC584/ShahAlamZoo/ShahAlamZoo/web/WEB-INF/web.xml</file>
            <file>file:/C:/Users/User/Documents/CSC584/ShahAlamZoo/ShahAlamZoo/src/java/LoginServlet.java</file>
            <file>file:/C:/Users/User/Documents/CSC584/ShahAlamZoo/ShahAlamZoo/src/java/RegisterServlet.java</file>
            <file>file:/C:/Users/User/Documents/CSC584/ShahAlamZoo/ShahAlamZoo/web/register.jsp</file>
            <file>file:/C:/Users/User/Documents/CSC584/ShahAlamZoo/ShahAlamZoo/web/login.jsp</file>
            <file>file:/C:/Users/User/Documents/CSC584/ShahAlamZoo/ShahAlamZoo/src/java/AddAnimalServlet.java</file>
            <file>file:/C:/Users/User/Documents/CSC584/ShahAlamZoo/ShahAlamZoo/web/dashboard.jsp</file>
            <file>file:/C:/Users/User/Documents/CSC584/ShahAlamZoo/ShahAlamZoo/web/about.jsp</file>
        </group>
    </open-files>
</project-private>
